<da-dump>
   <section name="SYSTEM INFORMATION">
      <property name="Available processors">8</property>
      <property name="Max Memory">3736076288 bytes</property>
      <property name="Free Memory">103634968 bytes</property>
      <property name="Total Memory">282066944 bytes</property>
   </section><!--SYSTEM INFORMATION-->
   <section name="ENVIRONMENT SETTINGS">
      <property name="PATH">%PATH%;C:\devtools\hadoop-2.7.6\bin;C:\devtools\hadoop-2.7.6</property>
      <property name="HADOOP_CONF_DIR">c:\devtools\hadoop-2.7.6\etc\hadoop</property>
      <property name="TF_CPP_MIN_LOG_LEVEL">10</property>
      <property name="HADOOP_SECURE_DN_LOG_DIR">\</property>
      <property name="TF_CPP_MIN_VLOG_LEVEL">10</property>
      <property name="HADOOP_SECURITY_LOGGER">INFO,RFAS</property>
      <property name="HADOOP_DATANODE_OPTS">-Dhadoop.security.logger=ERROR,RFAS -Dhadoop.security.logger=ERROR,RFAS</property>
      <property name="SystemRoot">C:\WINDOWS</property>
      <property name="HADOOP_SECONDARYNAMENODE_OPTS">-Dhadoop.security.logger=INFO,RFAS -Dhdfs.audit.logger=INFO,NullAppender -Dhadoop.security.logger=INFO,RFAS -Dhdfs.audit.logger=INFO,NullAppender</property>
      <property name="HADOOP_NAMENODE_OPTS">-Dhadoop.security.logger=INFO,RFAS -Dhdfs.audit.logger=INFO,NullAppender -Dhadoop.security.logger=INFO,RFAS -Dhdfs.audit.logger=INFO,NullAppender</property>
      <property name="HADOOP_BIN_PATH">C:\devtools\hadoop-2.7.6\bin</property>
      <property name="HADOOP_HOME">C:\devtools\hadoop-2.7.6</property>
      <property name="HADOOP_CLIENT_OPTS">-Xmx512m -Xmx512m</property>
      <property name="HADOOP_IDENT_STRING">C55333A</property>
   </section><!--ENVIRONMENT SETTINGS-->
   <section name="SYSTEM PROPERTIES">
      <property name="java.runtime.name">Java(TM) SE Runtime Environment</property>
      <property name="sun.boot.library.path">C:\Program Files\Java\jdk1.8.0_192\jre\bin</property>
      <property name="java.vm.version">25.192-b12</property>
      <property name="java.vm.vendor">Oracle Corporation</property>
      <property name="java.vendor.url">http://java.oracle.com/</property>
      <property name="path.separator">;</property>
      <property name="java.vm.name">Java HotSpot(TM) 64-Bit Server VM</property>
      <property name="file.encoding.pkg">sun.io</property>
      <property name="user.script"></property>
      <property name="user.country">GB</property>
      <property name="sun.os.patch.level">Service Pack 1</property>
      <property name="sun.java.launcher">SUN_STANDARD</property>
      <property name="user.dir">C:\dev\git\ace-test-harness-hadoop</property>
      <property name="java.vm.specification.name">Java Virtual Machine Specification</property>
      <property name="java.runtime.version">1.8.0_192-b12</property>
      <property name="java.awt.graphicsenv">sun.awt.Win32GraphicsEnvironment</property>
      <property name="java.endorsed.dirs">C:\Program Files\Java\jdk1.8.0_192\jre\lib\endorsed</property>
      <property name="os.arch">amd64</property>
      <property name="java.io.tmpdir">C:\WINDOWS\</property>
      <property name="line.separator">&#13;
</property>
      <property name="java.vm.specification.vendor">Oracle Corporation</property>
      <property name="user.variant"></property>
      <property name="os.name">Windows 7</property>
      <property name="sun.jnu.encoding">Cp1252</property>
      <property name="java.library.path">C:\Program Files\Java\jdk1.8.0_192\bin;C:\WINDOWS\Sun\Java\bin;C:\WINDOWS\system32;C:\WINDOWS;%PATH%;C:\devtools\hadoop-2.7.6\bin;C:\devtools\hadoop-2.7.6;.</property>
      <property name="java.specification.name">Java Platform API Specification</property>
      <property name="java.class.version">52.0</property>
      <property name="sun.management.compiler">HotSpot 64-Bit Tiered Compilers</property>
      <property name="os.version">6.1</property>
      <property name="user.home">C:\Users\C55333A</property>
      <property name="user.timezone">Europe/London</property>
      <property name="java.awt.printerjob">sun.awt.windows.WPrinterJob</property>
      <property name="file.encoding">UTF-8</property>
      <property name="java.specification.version">1.8</property>
      <property name="user.name">C55333A</property>
      <property name="java.class.path">C:\Program Files\Java\jdk1.8.0_192\jre\lib\charsets.jar;C:\Program Files\Java\jdk1.8.0_192\jre\lib\deploy.jar;C:\Program Files\Java\jdk1.8.0_192\jre\lib\ext\access-bridge-64.jar;C:\Program Files\Java\jdk1.8.0_192\jre\lib\ext\cldrdata.jar;C:\Program Files\Java\jdk1.8.0_192\jre\lib\ext\dnsns.jar;C:\Program Files\Java\jdk1.8.0_192\jre\lib\ext\jaccess.jar;C:\Program Files\Java\jdk1.8.0_192\jre\lib\ext\jfxrt.jar;C:\Program Files\Java\jdk1.8.0_192\jre\lib\ext\localedata.jar;C:\Program Files\Java\jdk1.8.0_192\jre\lib\ext\nashorn.jar;C:\Program Files\Java\jdk1.8.0_192\jre\lib\ext\sunec.jar;C:\Program Files\Java\jdk1.8.0_192\jre\lib\ext\sunjce_provider.jar;C:\Program Files\Java\jdk1.8.0_192\jre\lib\ext\sunmscapi.jar;C:\Program Files\Java\jdk1.8.0_192\jre\lib\ext\sunpkcs11.jar;C:\Program Files\Java\jdk1.8.0_192\jre\lib\ext\zipfs.jar;C:\Program Files\Java\jdk1.8.0_192\jre\lib\javaws.jar;C:\Program Files\Java\jdk1.8.0_192\jre\lib\jce.jar;C:\Program Files\Java\jdk1.8.0_192\jre\lib\jfr.jar;C:\Program Files\Java\jdk1.8.0_192\jre\lib\jfxswt.jar;C:\Program Files\Java\jdk1.8.0_192\jre\lib\jsse.jar;C:\Program Files\Java\jdk1.8.0_192\jre\lib\management-agent.jar;C:\Program Files\Java\jdk1.8.0_192\jre\lib\plugin.jar;C:\Program Files\Java\jdk1.8.0_192\jre\lib\resources.jar;C:\Program Files\Java\jdk1.8.0_192\jre\lib\rt.jar;C:\dev\git\ace-test-harness-hadoop\target\classes;C:\devtools\hadoop-2.7.6\share\hadoop\httpfs;C:\devtools\hadoop-2.7.6\share\hadoop\common\hadoop-nfs-2.7.6.jar;C:\devtools\hadoop-2.7.6\share\hadoop\common\hadoop-common-2.7.6.jar;C:\devtools\hadoop-2.7.6\share\hadoop\common\hadoop-common-2.7.6-tests.jar;C:\devtools\hadoop-2.7.6\share\hadoop\hdfs\hadoop-hdfs-2.7.6.jar;C:\devtools\hadoop-2.7.6\share\hadoop\hdfs\hadoop-hdfs-nfs-2.7.6.jar;C:\devtools\hadoop-2.7.6\share\hadoop\hdfs\hadoop-hdfs-2.7.6-tests.jar;C:\devtools\hadoop-2.7.6\share\hadoop\mapreduce\hadoop-mapreduce-examples-2.7.6.jar;C:\devtools\hadoop-2.7.6\share\hadoop\mapreduce\hadoop-mapreduce-client-hs-2.7.6.jar;C:\devtools\hadoop-2.7.6\share\hadoop\mapreduce\hadoop-mapreduce-client-app-2.7.6.jar;C:\devtools\hadoop-2.7.6\share\hadoop\mapreduce\hadoop-mapreduce-client-core-2.7.6.jar;C:\devtools\hadoop-2.7.6\share\hadoop\mapreduce\hadoop-mapreduce-client-common-2.7.6.jar;C:\devtools\hadoop-2.7.6\share\hadoop\mapreduce\hadoop-mapreduce-client-shuffle-2.7.6.jar;C:\devtools\hadoop-2.7.6\share\hadoop\mapreduce\hadoop-mapreduce-client-jobclient-2.7.6.jar;C:\devtools\hadoop-2.7.6\share\hadoop\mapreduce\hadoop-mapreduce-client-hs-plugins-2.7.6.jar;C:\devtools\hadoop-2.7.6\share\hadoop\mapreduce\hadoop-mapreduce-client-jobclient-2.7.6-tests.jar;C:\devtools\hadoop-2.7.6\share\hadoop\yarn\hadoop-yarn-api-2.7.6.jar;C:\devtools\hadoop-2.7.6\share\hadoop\yarn\hadoop-yarn-client-2.7.6.jar;C:\devtools\hadoop-2.7.6\share\hadoop\yarn\hadoop-yarn-common-2.7.6.jar;C:\devtools\hadoop-2.7.6\share\hadoop\yarn\hadoop-yarn-registry-2.7.6.jar;C:\devtools\hadoop-2.7.6\share\hadoop\yarn\hadoop-yarn-server-tests-2.7.6.jar;C:\devtools\hadoop-2.7.6\share\hadoop\yarn\hadoop-yarn-server-common-2.7.6.jar;C:\devtools\hadoop-2.7.6\share\hadoop\yarn\hadoop-yarn-server-web-proxy-2.7.6.jar;C:\devtools\hadoop-2.7.6\share\hadoop\yarn\hadoop-yarn-server-nodemanager-2.7.6.jar;C:\devtools\hadoop-2.7.6\share\hadoop\yarn\hadoop-yarn-server-resourcemanager-2.7.6.jar;C:\devtools\hadoop-2.7.6\share\hadoop\yarn\hadoop-yarn-server-sharedcachemanager-2.7.6.jar;C:\devtools\hadoop-2.7.6\share\hadoop\yarn\hadoop-yarn-applications-distributedshell-2.7.6.jar;C:\devtools\hadoop-2.7.6\share\hadoop\yarn\hadoop-yarn-server-applicationhistoryservice-2.7.6.jar;C:\devtools\hadoop-2.7.6\share\hadoop\yarn\hadoop-yarn-applications-unmanaged-am-launcher-2.7.6.jar;C:\devtools\hadoop-2.7.6\share\hadoop\common\lib\xz-1.0.jar;C:\devtools\hadoop-2.7.6\share\hadoop\common\lib\asm-3.2.jar;C:\devtools\hadoop-2.7.6\share\hadoop\common\lib\avro-1.7.4.jar;C:\devtools\hadoop-2.7.6\share\hadoop\common\lib\gson-2.2.4.jar;C:\devtools\hadoop-2.7.6\share\hadoop\common\lib\junit-4.11.jar;C:\devtools\hadoop-2.7.6\share\hadoop\common\lib\jsch-0.1.54.jar;C:\devtools\hadoop-2.7.6\share\hadoop\common\lib\jsp-api-2.1.jar;C:\devtools\hadoop-2.7.6\share\hadoop\common\lib\xmlenc-0.52.jar;C:\devtools\hadoop-2.7.6\share\hadoop\common\lib\guava-11.0.2.jar;C:\devtools\hadoop-2.7.6\share\hadoop\common\lib\jets3t-0.9.0.jar;C:\devtools\hadoop-2.7.6\share\hadoop\common\lib\jettison-1.1.jar;C:\devtools\hadoop-2.7.6\share\hadoop\common\lib\jetty-6.1.26.jar;C:\devtools\hadoop-2.7.6\share\hadoop\common\lib\jsr305-3.0.0.jar;C:\devtools\hadoop-2.7.6\share\hadoop\common\lib\log4j-1.2.17.jar;C:\devtools\hadoop-2.7.6\share\hadoop\common\lib\paranamer-2.3.jar;C:\devtools\hadoop-2.7.6\share\hadoop\common\lib\activation-1.1.jar;C:\devtools\hadoop-2.7.6\share\hadoop\common\lib\commons-io-2.4.jar;C:\devtools\hadoop-2.7.6\share\hadoop\common\lib\httpcore-4.2.5.jar;C:\devtools\hadoop-2.7.6\share\hadoop\common\lib\jaxb-api-2.2.2.jar;C:\devtools\hadoop-2.7.6\share\hadoop\common\lib\stax-api-1.0-2.jar;C:\devtools\hadoop-2.7.6\share\hadoop\common\lib\commons-cli-1.2.jar;C:\devtools\hadoop-2.7.6\share\hadoop\common\lib\commons-net-3.1.jar;C:\devtools\hadoop-2.7.6\share\hadoop\common\lib\jersey-core-1.9.jar;C:\devtools\hadoop-2.7.6\share\hadoop\common\lib\jersey-json-1.9.jar;C:\devtools\hadoop-2.7.6\share\hadoop\common\lib\servlet-api-2.5.jar;C:\devtools\hadoop-2.7.6\share\hadoop\common\lib\zookeeper-3.4.6.jar;C:\devtools\hadoop-2.7.6\share\hadoop\common\lib\commons-lang-2.6.jar;C:\devtools\hadoop-2.7.6\share\hadoop\common\lib\httpclient-4.2.5.jar;C:\devtools\hadoop-2.7.6\share\hadoop\common\lib\slf4j-api-1.7.10.jar;C:\devtools\hadoop-2.7.6\share\hadoop\common\lib\commons-codec-1.4.jar;C:\devtools\hadoop-2.7.6\share\hadoop\common\lib\hadoop-auth-2.7.6.jar;C:\devtools\hadoop-2.7.6\share\hadoop\common\lib\hamcrest-core-1.3.jar;C:\devtools\hadoop-2.7.6\share\hadoop\common\lib\jackson-xc-1.9.13.jar;C:\devtools\hadoop-2.7.6\share\hadoop\common\lib\jaxb-impl-2.2.3-1.jar;C:\devtools\hadoop-2.7.6\share\hadoop\common\lib\jersey-server-1.9.jar;C:\devtools\hadoop-2.7.6\share\hadoop\common\lib\jetty-util-6.1.26.jar;C:\devtools\hadoop-2.7.6\share\hadoop\common\lib\mockito-all-1.8.5.jar;C:\devtools\hadoop-2.7.6\share\hadoop\common\lib\netty-3.6.2.Final.jar;C:\devtools\hadoop-2.7.6\share\hadoop\common\lib\api-util-1.0.0-M20.jar;C:\devtools\hadoop-2.7.6\share\hadoop\common\lib\commons-math3-3.1.1.jar;C:\devtools\hadoop-2.7.6\share\hadoop\common\lib\java-xmlbuilder-0.4.jar;C:\devtools\hadoop-2.7.6\share\hadoop\common\lib\protobuf-java-2.5.0.jar;C:\devtools\hadoop-2.7.6\share\hadoop\common\lib\snappy-java-1.0.4.1.jar;C:\devtools\hadoop-2.7.6\share\hadoop\common\lib\commons-digester-1.8.jar;C:\devtools\hadoop-2.7.6\share\hadoop\common\lib\curator-client-2.7.1.jar;C:\devtools\hadoop-2.7.6\share\hadoop\common\lib\jackson-jaxrs-1.9.13.jar;C:\devtools\hadoop-2.7.6\share\hadoop\common\lib\slf4j-log4j12-1.7.10.jar;C:\devtools\hadoop-2.7.6\share\hadoop\common\lib\commons-logging-1.1.3.jar;C:\devtools\hadoop-2.7.6\share\hadoop\common\lib\curator-recipes-2.7.1.jar;C:\devtools\hadoop-2.7.6\share\hadoop\common\lib\api-asn1-api-1.0.0-M20.jar;C:\devtools\hadoop-2.7.6\share\hadoop\common\lib\commons-compress-1.4.1.jar;C:\devtools\hadoop-2.7.6\share\hadoop\common\lib\commons-httpclient-3.1.jar;C:\devtools\hadoop-2.7.6\share\hadoop\common\lib\jetty-sslengine-6.1.26.jar;C:\devtools\hadoop-2.7.6\share\hadoop\common\lib\apacheds-i18n-2.0.0-M15.jar;C:\devtools\hadoop-2.7.6\share\hadoop\common\lib\commons-beanutils-1.7.0.jar;C:\devtools\hadoop-2.7.6\share\hadoop\common\lib\curator-framework-2.7.1.jar;C:\devtools\hadoop-2.7.6\share\hadoop\common\lib\jackson-core-asl-1.9.13.jar;C:\devtools\hadoop-2.7.6\share\hadoop\common\lib\hadoop-annotations-2.7.6.jar;C:\devtools\hadoop-2.7.6\share\hadoop\common\lib\commons-collections-3.2.2.jar;C:\devtools\hadoop-2.7.6\share\hadoop\common\lib\commons-configuration-1.6.jar;C:\devtools\hadoop-2.7.6\share\hadoop\common\lib\jackson-mapper-asl-1.9.13.jar;C:\devtools\hadoop-2.7.6\share\hadoop\common\lib\commons-beanutils-core-1.8.0.jar;C:\devtools\hadoop-2.7.6\share\hadoop\common\lib\htrace-core-3.1.0-incubating.jar;C:\devtools\hadoop-2.7.6\share\hadoop\common\lib\apacheds-kerberos-codec-2.0.0-M15.jar;C:\Users\C55333A\.m2\repository\org\apache\hadoop\hadoop-hdfs\2.7.6\hadoop-hdfs-2.7.6.jar;C:\Users\C55333A\.m2\repository\com\google\guava\guava\11.0.2\guava-11.0.2.jar;C:\Users\C55333A\.m2\repository\org\mortbay\jetty\jetty\6.1.26\jetty-6.1.26.jar;C:\Users\C55333A\.m2\repository\org\mortbay\jetty\jetty-util\6.1.26\jetty-util-6.1.26.jar;C:\Users\C55333A\.m2\repository\com\sun\jersey\jersey-core\1.9\jersey-core-1.9.jar;C:\Users\C55333A\.m2\repository\com\sun\jersey\jersey-server\1.9\jersey-server-1.9.jar;C:\Users\C55333A\.m2\repository\asm\asm\3.1\asm-3.1.jar;C:\Users\C55333A\.m2\repository\commons-cli\commons-cli\1.2\commons-cli-1.2.jar;C:\Users\C55333A\.m2\repository\commons-codec\commons-codec\1.4\commons-codec-1.4.jar;C:\Users\C55333A\.m2\repository\commons-io\commons-io\2.4\commons-io-2.4.jar;C:\Users\C55333A\.m2\repository\commons-lang\commons-lang\2.6\commons-lang-2.6.jar;C:\Users\C55333A\.m2\repository\commons-logging\commons-logging\1.1.3\commons-logging-1.1.3.jar;C:\Users\C55333A\.m2\repository\commons-daemon\commons-daemon\1.0.13\commons-daemon-1.0.13.jar;C:\Users\C55333A\.m2\repository\log4j\log4j\1.2.17\log4j-1.2.17.jar;C:\Users\C55333A\.m2\repository\com\google\protobuf\protobuf-java\2.5.0\protobuf-java-2.5.0.jar;C:\Users\C55333A\.m2\repository\javax\servlet\servlet-api\2.5\servlet-api-2.5.jar;C:\Users\C55333A\.m2\repository\org\codehaus\jackson\jackson-core-asl\1.9.13\jackson-core-asl-1.9.13.jar;C:\Users\C55333A\.m2\repository\org\codehaus\jackson\jackson-mapper-asl\1.9.13\jackson-mapper-asl-1.9.13.jar;C:\Users\C55333A\.m2\repository\xmlenc\xmlenc\0.52\xmlenc-0.52.jar;C:\Users\C55333A\.m2\repository\io\netty\netty\3.6.2.Final\netty-3.6.2.Final.jar;C:\Users\C55333A\.m2\repository\io\netty\netty-all\4.0.23.Final\netty-all-4.0.23.Final.jar;C:\Users\C55333A\.m2\repository\xerces\xercesImpl\2.9.1\xercesImpl-2.9.1.jar;C:\Users\C55333A\.m2\repository\xml-apis\xml-apis\1.3.04\xml-apis-1.3.04.jar;C:\Users\C55333A\.m2\repository\org\apache\htrace\htrace-core\3.1.0-incubating\htrace-core-3.1.0-incubating.jar;C:\Users\C55333A\.m2\repository\org\fusesource\leveldbjni\leveldbjni-all\1.8\leveldbjni-all-1.8.jar;C:\Users\C55333A\.m2\repository\org\apache\hadoop\hadoop-mapreduce-client-core\2.7.6\hadoop-mapreduce-client-core-2.7.6.jar;C:\Users\C55333A\.m2\repository\org\apache\hadoop\hadoop-yarn-common\2.7.6\hadoop-yarn-common-2.7.6.jar;C:\Users\C55333A\.m2\repository\org\apache\hadoop\hadoop-yarn-api\2.7.6\hadoop-yarn-api-2.7.6.jar;C:\Users\C55333A\.m2\repository\javax\xml\bind\jaxb-api\2.2.2\jaxb-api-2.2.2.jar;C:\Users\C55333A\.m2\repository\javax\xml\stream\stax-api\1.0-2\stax-api-1.0-2.jar;C:\Users\C55333A\.m2\repository\javax\activation\activation\1.1\activation-1.1.jar;C:\Users\C55333A\.m2\repository\com\sun\jersey\jersey-client\1.9\jersey-client-1.9.jar;C:\Users\C55333A\.m2\repository\org\codehaus\jackson\jackson-jaxrs\1.9.13\jackson-jaxrs-1.9.13.jar;C:\Users\C55333A\.m2\repository\org\codehaus\jackson\jackson-xc\1.9.13\jackson-xc-1.9.13.jar;C:\Users\C55333A\.m2\repository\com\google\inject\guice\3.0\guice-3.0.jar;C:\Users\C55333A\.m2\repository\javax\inject\javax.inject\1\javax.inject-1.jar;C:\Users\C55333A\.m2\repository\aopalliance\aopalliance\1.0\aopalliance-1.0.jar;C:\Users\C55333A\.m2\repository\com\sun\jersey\contribs\jersey-guice\1.9\jersey-guice-1.9.jar;C:\Users\C55333A\.m2\repository\org\slf4j\slf4j-api\1.7.10\slf4j-api-1.7.10.jar;C:\Users\C55333A\.m2\repository\org\apache\hadoop\hadoop-annotations\2.7.6\hadoop-annotations-2.7.6.jar;C:\Program Files\Java\jdk1.8.0_192\lib\tools.jar;C:\Users\C55333A\.m2\repository\com\google\inject\extensions\guice-servlet\3.0\guice-servlet-3.0.jar;C:\Users\C55333A\.m2\repository\org\apache\hadoop\hadoop-common\2.7.6\hadoop-common-2.7.6.jar;C:\Users\C55333A\.m2\repository\org\apache\commons\commons-math3\3.1.1\commons-math3-3.1.1.jar;C:\Users\C55333A\.m2\repository\commons-httpclient\commons-httpclient\3.1\commons-httpclient-3.1.jar;C:\Users\C55333A\.m2\repository\commons-net\commons-net\3.1\commons-net-3.1.jar;C:\Users\C55333A\.m2\repository\commons-collections\commons-collections\3.2.2\commons-collections-3.2.2.jar;C:\Users\C55333A\.m2\repository\org\mortbay\jetty\jetty-sslengine\6.1.26\jetty-sslengine-6.1.26.jar;C:\Users\C55333A\.m2\repository\javax\servlet\jsp\jsp-api\2.1\jsp-api-2.1.jar;C:\Users\C55333A\.m2\repository\com\sun\jersey\jersey-json\1.9\jersey-json-1.9.jar;C:\Users\C55333A\.m2\repository\org\codehaus\jettison\jettison\1.1\jettison-1.1.jar;C:\Users\C55333A\.m2\repository\com\sun\xml\bind\jaxb-impl\2.2.3-1\jaxb-impl-2.2.3-1.jar;C:\Users\C55333A\.m2\repository\net\java\dev\jets3t\jets3t\0.9.0\jets3t-0.9.0.jar;C:\Users\C55333A\.m2\repository\org\apache\httpcomponents\httpclient\4.1.2\httpclient-4.1.2.jar;C:\Users\C55333A\.m2\repository\org\apache\httpcomponents\httpcore\4.1.2\httpcore-4.1.2.jar;C:\Users\C55333A\.m2\repository\com\jamesmurty\utils\java-xmlbuilder\0.4\java-xmlbuilder-0.4.jar;C:\Users\C55333A\.m2\repository\commons-configuration\commons-configuration\1.6\commons-configuration-1.6.jar;C:\Users\C55333A\.m2\repository\commons-digester\commons-digester\1.8\commons-digester-1.8.jar;C:\Users\C55333A\.m2\repository\commons-beanutils\commons-beanutils\1.7.0\commons-beanutils-1.7.0.jar;C:\Users\C55333A\.m2\repository\commons-beanutils\commons-beanutils-core\1.8.0\commons-beanutils-core-1.8.0.jar;C:\Users\C55333A\.m2\repository\com\google\code\gson\gson\2.2.4\gson-2.2.4.jar;C:\Users\C55333A\.m2\repository\org\apache\hadoop\hadoop-auth\2.7.6\hadoop-auth-2.7.6.jar;C:\Users\C55333A\.m2\repository\org\apache\directory\server\apacheds-kerberos-codec\2.0.0-M15\apacheds-kerberos-codec-2.0.0-M15.jar;C:\Users\C55333A\.m2\repository\org\apache\directory\server\apacheds-i18n\2.0.0-M15\apacheds-i18n-2.0.0-M15.jar;C:\Users\C55333A\.m2\repository\org\apache\directory\api\api-asn1-api\1.0.0-M20\api-asn1-api-1.0.0-M20.jar;C:\Users\C55333A\.m2\repository\org\apache\directory\api\api-util\1.0.0-M20\api-util-1.0.0-M20.jar;C:\Users\C55333A\.m2\repository\org\apache\curator\curator-framework\2.7.1\curator-framework-2.7.1.jar;C:\Users\C55333A\.m2\repository\com\jcraft\jsch\0.1.54\jsch-0.1.54.jar;C:\Users\C55333A\.m2\repository\org\apache\curator\curator-client\2.7.1\curator-client-2.7.1.jar;C:\Users\C55333A\.m2\repository\org\apache\curator\curator-recipes\2.7.1\curator-recipes-2.7.1.jar;C:\Users\C55333A\.m2\repository\com\google\code\findbugs\jsr305\3.0.0\jsr305-3.0.0.jar;C:\Users\C55333A\.m2\repository\org\apache\zookeeper\zookeeper\3.4.6\zookeeper-3.4.6.jar;C:\Users\C55333A\.m2\repository\org\apache\commons\commons-compress\1.4.1\commons-compress-1.4.1.jar;C:\Users\C55333A\.m2\repository\org\apache\hadoop\hadoop-core\1.2.0\hadoop-core-1.2.0.jar;C:\Users\C55333A\.m2\repository\org\apache\commons\commons-math\2.1\commons-math-2.1.jar;C:\Users\C55333A\.m2\repository\tomcat\jasper-runtime\5.5.12\jasper-runtime-5.5.12.jar;C:\Users\C55333A\.m2\repository\tomcat\jasper-compiler\5.5.12\jasper-compiler-5.5.12.jar;C:\Users\C55333A\.m2\repository\org\mortbay\jetty\jsp-api-2.1\6.1.14\jsp-api-2.1-6.1.14.jar;C:\Users\C55333A\.m2\repository\org\mortbay\jetty\servlet-api-2.5\6.1.14\servlet-api-2.5-6.1.14.jar;C:\Users\C55333A\.m2\repository\org\mortbay\jetty\jsp-2.1\6.1.14\jsp-2.1-6.1.14.jar;C:\Users\C55333A\.m2\repository\ant\ant\1.6.5\ant-1.6.5.jar;C:\Users\C55333A\.m2\repository\commons-el\commons-el\1.0\commons-el-1.0.jar;C:\Users\C55333A\.m2\repository\hsqldb\hsqldb\1.8.0.10\hsqldb-1.8.0.10.jar;C:\Users\C55333A\.m2\repository\oro\oro\2.0.8\oro-2.0.8.jar;C:\Users\C55333A\.m2\repository\org\eclipse\jdt\core\3.1.1\core-3.1.1.jar;C:\Users\C55333A\.m2\repository\org\apache\avro\avro\1.8.2\avro-1.8.2.jar;C:\Users\C55333A\.m2\repository\com\thoughtworks\paranamer\paranamer\2.7\paranamer-2.7.jar;C:\Users\C55333A\.m2\repository\org\xerial\snappy\snappy-java\1.1.1.3\snappy-java-1.1.1.3.jar;C:\Users\C55333A\.m2\repository\org\tukaani\xz\1.5\xz-1.5.jar;C:\Users\C55333A\.m2\repository\org\apache\avro\avro-mapred\1.8.2\avro-mapred-1.8.2.jar;C:\Users\C55333A\.m2\repository\org\apache\avro\avro-ipc\1.8.2\avro-ipc-1.8.2.jar;C:\Users\C55333A\.m2\repository\org\mortbay\jetty\servlet-api\2.5-20081211\servlet-api-2.5-20081211.jar;C:\Users\C55333A\.m2\repository\org\apache\avro\avro-compiler\1.8.2\avro-compiler-1.8.2.jar;C:\Users\C55333A\.m2\repository\org\apache\velocity\velocity\1.7\velocity-1.7.jar;C:\Users\C55333A\.m2\repository\joda-time\joda-time\2.7\joda-time-2.7.jar;C:\Users\C55333A\.m2\repository\org\apache\avro\avro-maven-plugin\1.8.2\avro-maven-plugin-1.8.2.jar;C:\Users\C55333A\.m2\repository\org\apache\maven\maven-plugin-api\2.0.10\maven-plugin-api-2.0.10.jar;C:\Users\C55333A\.m2\repository\org\apache\maven\maven-project\2.0.10\maven-project-2.0.10.jar;C:\Users\C55333A\.m2\repository\org\apache\maven\maven-settings\2.0.10\maven-settings-2.0.10.jar;C:\Users\C55333A\.m2\repository\org\apache\maven\maven-profile\2.0.10\maven-profile-2.0.10.jar;C:\Users\C55333A\.m2\repository\org\apache\maven\maven-model\2.0.10\maven-model-2.0.10.jar;C:\Users\C55333A\.m2\repository\org\apache\maven\maven-artifact-manager\2.0.10\maven-artifact-manager-2.0.10.jar;C:\Users\C55333A\.m2\repository\org\apache\maven\maven-repository-metadata\2.0.10\maven-repository-metadata-2.0.10.jar;C:\Users\C55333A\.m2\repository\org\apache\maven\wagon\wagon-provider-api\1.0-beta-2\wagon-provider-api-1.0-beta-2.jar;C:\Users\C55333A\.m2\repository\org\apache\maven\maven-plugin-registry\2.0.10\maven-plugin-registry-2.0.10.jar;C:\Users\C55333A\.m2\repository\org\codehaus\plexus\plexus-interpolation\1.1\plexus-interpolation-1.1.jar;C:\Users\C55333A\.m2\repository\org\codehaus\plexus\plexus-utils\1.5.5\plexus-utils-1.5.5.jar;C:\Users\C55333A\.m2\repository\org\apache\maven\maven-artifact\2.0.10\maven-artifact-2.0.10.jar;C:\Users\C55333A\.m2\repository\org\codehaus\plexus\plexus-container-default\1.0-alpha-9-stable-1\plexus-container-default-1.0-alpha-9-stable-1.jar;C:\Users\C55333A\.m2\repository\junit\junit\3.8.1\junit-3.8.1.jar;C:\Users\C55333A\.m2\repository\classworlds\classworlds\1.1-alpha-2\classworlds-1.1-alpha-2.jar;C:\Users\C55333A\.m2\repository\org\apache\maven\shared\file-management\1.2.1\file-management-1.2.1.jar;C:\Users\C55333A\.m2\repository\org\apache\maven\shared\maven-shared-io\1.1\maven-shared-io-1.1.jar;C:\Users\C55333A\.m2\repository\org\owasp\encoder\com.experian.eda.encoder\1.2.1.EDA2\com.experian.eda.encoder-1.2.1.EDA2-bundle.jar;C:\Users\C55333A\.m2\repository\com\experian\eda\ace\tensorflow\ace-tensorflow-runtime\1.0.12-SNAPSHOT\ace-tensorflow-runtime-1.0.12-20190111.121030-2-standalone.jar;C:\Users\C55333A\.m2\repository\com\experian\eda\ace\commons\ace-commons-runtime\1.0.4\ace-commons-runtime-1.0.4.jar;C:\Users\C55333A\.m2\repository\com\experian\eda\da\da-bundle\2.17.4-18R1\da-bundle-2.17.4-18R1.jar;C:\Users\C55333A\.m2\repository\c3p0\c3p0\0.9.1.2\c3p0-0.9.1.2.jar;C:\Users\C55333A\.m2\repository\com\experian\eda\ace\commons\ace-commons-lib\1.0.4\ace-commons-lib-1.0.4.jar;C:\Users\C55333A\.m2\repository\org\tensorflow\tensorflow\1.12.0\tensorflow-1.12.0.jar;C:\Users\C55333A\.m2\repository\org\tensorflow\libtensorflow\1.12.0\libtensorflow-1.12.0.jar;C:\Users\C55333A\.m2\repository\org\tensorflow\libtensorflow_jni\1.12.0\libtensorflow_jni-1.12.0.jar;C:\Users\C55333A\.m2\repository\org\tensorflow\proto\1.12.0\proto-1.12.0.jar;C:\Users\C55333A\.m2\repository\com\experian\eda\da\da-library\2.9.27-18R1\da-library-2.9.27-18R1.jar;C:\Users\C55333A\.m2\repository\com\experian\eda\common\api\common-utils\1.3.4-18R1\common-utils-1.3.4-18R1.jar;C:\Users\C55333A\.m2\repository\com\experian\eda\common\api\id-management-api\1.3.5-18R1\id-management-api-1.3.5-18R1.jar;C:\Users\C55333A\.m2\repository\com\experian\eda\Library_Logging\2.3.4\Library_Logging-2.3.4.jar;C:\Users\C55333A\.m2\repository\fixme\log-bridge\1.0\log-bridge-1.0.jar;C:\Users\C55333A\.m2\repository\com\experian\eda\Library_Jdom\2.3.4\Library_Jdom-2.3.4.jar;C:\Users\C55333A\.m2\repository\org\jdom\jdom\1.1\jdom-1.1.jar;C:\Users\C55333A\.m2\repository\com\marketswitch\marketswitch.rt\6.1.0.c\marketswitch.rt-6.1.0.c.jar;C:\Users\C55333A\.m2\repository\com\experian\eda\r-analytics\Component_R_Interfaces\1.4.2-18R1\Component_R_Interfaces-1.4.2-18R1.jar;C:\Users\C55333A\.m2\repository\com\experian\eda\security\api\security-utils\1.6.5-18R1\security-utils-1.6.5-18R1.jar;C:\Users\C55333A\.m2\repository\org\slf4j\com.experian.eda.slf4j-api\1.7.25.EDA5\com.experian.eda.slf4j-api-1.7.25.EDA5.jar;C:\Users\C55333A\.m2\repository\org\owasp\encoder\com.experian.eda.encoder\1.2.1.EDA2\com.experian.eda.encoder-1.2.1.EDA2.jar;C:\Users\C55333A\.m2\repository\com\experian\eda\security\api\config-utils\1.5.7-18R1\config-utils-1.5.7-18R1.jar;C:\Users\C55333A\.m2\repository\org\apache\servicemix\bundles\org.apache.servicemix.bundles.jasypt\1.9.2_1\org.apache.servicemix.bundles.jasypt-1.9.2_1.jar;C:\Users\C55333A\.m2\repository\ch\qos\logback\com.experian.eda.logback-classic-core\1.2.3.EDA5\com.experian.eda.logback-classic-core-1.2.3.EDA5.jar;C:\Users\C55333A\.m2\repository\ch\qos\logback\logback-classic\1.2.3\logback-classic-1.2.3.jar;C:\Users\C55333A\.m2\repository\ch\qos\logback\logback-core\1.2.3\logback-core-1.2.3.jar;C:\Users\C55333A\.m2\repository\org\slf4j\slf4j-ext\1.7.25\slf4j-ext-1.7.25.jar;C:\Users\C55333A\.m2\repository\com\fasterxml\jackson\core\jackson-core\2.9.6\jackson-core-2.9.6.jar;C:\Users\C55333A\.m2\repository\com\fasterxml\jackson\core\jackson-databind\2.9.6\jackson-databind-2.9.6.jar;C:\Users\C55333A\.m2\repository\com\fasterxml\jackson\core\jackson-annotations\2.9.0\jackson-annotations-2.9.0.jar;C:\Users\C55333A\.m2\repository\com\experian\eda\common\api\initialisation-api\1.1.0-18R1\initialisation-api-1.1.0-18R1.jar;C:\Users\C55333A\.m2\repository\org\apache\commons\commons-lang3\3.8.1\commons-lang3-3.8.1.jar;C:\Users\C55333A\.m2\repository\com\opencsv\opencsv\3.3\opencsv-3.3.jar;C:\Users\C55333A\.m2\repository\org\jooq\joor-java-8\0.9.10\joor-java-8-0.9.10.jar;C:\Program Files\JetBrains\IntelliJ IDEA Community Edition 2018.2.5\lib\idea_rt.jar;C:\Users\C55333A\.IdeaIC2018.3\system\captureAgent\debugger-agent.jar</property>
      <property name="java.vm.specification.version">1.8</property>
      <property name="sun.java.command">com.experian.eda.ace.hadoop.DaRunner -t hdfs://localhost:9000/test/tensorflow/btree1k/test1</property>
      <property name="sun.arch.data.model">64</property>
      <property name="java.home">C:\Program Files\Java\jdk1.8.0_192\jre</property>
      <property name="user.language">en</property>
      <property name="java.specification.vendor">Oracle Corporation</property>
      <property name="awt.toolkit">sun.awt.windows.WToolkit</property>
      <property name="java.vm.info">mixed mode</property>
      <property name="java.version">1.8.0_192</property>
      <property name="java.ext.dirs">C:\Program Files\Java\jdk1.8.0_192\jre\lib\ext;C:\WINDOWS\Sun\Java\lib\ext</property>
      <property name="sun.boot.class.path">C:\Program Files\Java\jdk1.8.0_192\jre\lib\resources.jar;C:\Program Files\Java\jdk1.8.0_192\jre\lib\rt.jar;C:\Program Files\Java\jdk1.8.0_192\jre\lib\sunrsasign.jar;C:\Program Files\Java\jdk1.8.0_192\jre\lib\jsse.jar;C:\Program Files\Java\jdk1.8.0_192\jre\lib\jce.jar;C:\Program Files\Java\jdk1.8.0_192\jre\lib\charsets.jar;C:\Program Files\Java\jdk1.8.0_192\jre\lib\jfr.jar;C:\Program Files\Java\jdk1.8.0_192\jre\classes</property>
      <property name="java.vendor">Oracle Corporation</property>
      <property name="file.separator">\</property>
      <property name="java.vendor.url.bug">http://bugreport.sun.com/bugreport/</property>
      <property name="sun.io.unicode.encoding">UnicodeLittle</property>
      <property name="sun.cpu.endian">little</property>
      <property name="sun.desktop">windows</property>
      <property name="sun.cpu.isalist">amd64</property>
   </section><!--SYSTEM PROPERTIES-->
   <section name="THREAD">
      <property name="Active thread count">10</property>
      <property name="Total thread count">14</property>
      <section name="STACK TRACES">
         <group name="STACK TRACE">
            <property name="Thread name">[Signal Dispatcher]</property>
            <property name="Stack trace">&#13;
</property>
         </group><!--STACK TRACE-->
         <group name="STACK TRACE">
            <property name="Thread name">[LeaseRenewer:C55333A@localhost:9000]</property>
            <property name="Stack trace">java.lang.Thread.sleep(Native Method)&#13;
org.apache.hadoop.hdfs.LeaseRenewer.run(LeaseRenewer.java:444)&#13;
org.apache.hadoop.hdfs.LeaseRenewer.access$700(LeaseRenewer.java:71)&#13;
org.apache.hadoop.hdfs.LeaseRenewer$1.run(LeaseRenewer.java:304)&#13;
java.lang.Thread.run(Thread.java:748)&#13;
</property>
         </group><!--STACK TRACE-->
         <group name="STACK TRACE">
            <property name="Thread name">[org.apache.hadoop.fs.FileSystem$Statistics$StatisticsDataReferenceCleaner]</property>
            <property name="Stack trace">java.lang.Object.wait(Native Method)&#13;
java.lang.ref.ReferenceQueue.remove(ReferenceQueue.java:144)&#13;
java.lang.ref.ReferenceQueue.remove(ReferenceQueue.java:165)&#13;
org.apache.hadoop.fs.FileSystem$Statistics$StatisticsDataReferenceCleaner.run(FileSystem.java:3061)&#13;
java.lang.Thread.run(Thread.java:748)&#13;
</property>
         </group><!--STACK TRACE-->
         <group name="STACK TRACE">
            <property name="Thread name">[IPC Parameter Sending Thread #0]</property>
            <property name="Stack trace">sun.misc.Unsafe.park(Native Method)&#13;
java.util.concurrent.locks.LockSupport.parkNanos(LockSupport.java:215)&#13;
java.util.concurrent.SynchronousQueue$TransferStack.awaitFulfill(SynchronousQueue.java:460)&#13;
java.util.concurrent.SynchronousQueue$TransferStack.transfer(SynchronousQueue.java:362)&#13;
java.util.concurrent.SynchronousQueue.poll(SynchronousQueue.java:941)&#13;
java.util.concurrent.ThreadPoolExecutor.getTask(ThreadPoolExecutor.java:1073)&#13;
java.util.concurrent.ThreadPoolExecutor.runWorker(ThreadPoolExecutor.java:1134)&#13;
java.util.concurrent.ThreadPoolExecutor$Worker.run(ThreadPoolExecutor.java:624)&#13;
java.lang.Thread.run(Thread.java:748)&#13;
</property>
         </group><!--STACK TRACE-->
         <group name="STACK TRACE">
            <property name="Thread name">[IPC Client (1233327519) connection to localhost/127.0.0.1:9000 from C55333A]</property>
            <property name="Stack trace">java.lang.Object.wait(Native Method)&#13;
org.apache.hadoop.ipc.Client$Connection.waitForWork(Client.java:934)&#13;
org.apache.hadoop.ipc.Client$Connection.run(Client.java:979)&#13;
</property>
         </group><!--STACK TRACE-->
         <group name="STACK TRACE">
            <property name="Thread name">[Reference Handler]</property>
            <property name="Stack trace">java.lang.Object.wait(Native Method)&#13;
java.lang.Object.wait(Object.java:502)&#13;
java.lang.ref.Reference.tryHandlePending(Reference.java:191)&#13;
java.lang.ref.Reference$ReferenceHandler.run(Reference.java:153)&#13;
</property>
         </group><!--STACK TRACE-->
         <group name="STACK TRACE">
            <property name="Thread name">[Finalizer]</property>
            <property name="Stack trace">java.lang.Object.wait(Native Method)&#13;
java.lang.ref.ReferenceQueue.remove(ReferenceQueue.java:144)&#13;
java.lang.ref.ReferenceQueue.remove(ReferenceQueue.java:165)&#13;
java.lang.ref.Finalizer$FinalizerThread.run(Finalizer.java:216)&#13;
</property>
         </group><!--STACK TRACE-->
         <group name="STACK TRACE">
            <property name="Thread name">[Attach Listener]</property>
            <property name="Stack trace">&#13;
</property>
         </group><!--STACK TRACE-->
         <group name="STACK TRACE">
            <property name="Thread name">[main]</property>
            <property name="Stack trace">java.lang.Thread.sleep(Native Method)&#13;
org.apache.hadoop.mapreduce.Job.monitorAndPrintJob(Job.java:1353)&#13;
org.apache.hadoop.mapreduce.Job.waitForCompletion(Job.java:1311)&#13;
com.experian.eda.ace.hadoop.DaRunner.run(DaRunner.java:95)&#13;
org.apache.hadoop.util.ToolRunner.run(ToolRunner.java:70)&#13;
org.apache.hadoop.util.ToolRunner.run(ToolRunner.java:84)&#13;
com.experian.eda.ace.hadoop.DaRunner.main(DaRunner.java:185)&#13;
</property>
         </group><!--STACK TRACE-->
         <group name="STACK TRACE">
            <property name="Thread name">[SpillThread]</property>
            <property name="Stack trace">sun.misc.Unsafe.park(Native Method)&#13;
java.util.concurrent.locks.LockSupport.park(LockSupport.java:175)&#13;
java.util.concurrent.locks.AbstractQueuedSynchronizer$ConditionObject.await(AbstractQueuedSynchronizer.java:2039)&#13;
org.apache.hadoop.mapred.MapTask$MapOutputBuffer$SpillThread.run(MapTask.java:1528)&#13;
</property>
         </group><!--STACK TRACE-->
         <group name="STACK TRACE">
            <property name="Thread name">[communication thread]</property>
            <property name="Stack trace">java.lang.Object.wait(Native Method)&#13;
org.apache.hadoop.mapred.Task$TaskReporter.run(Task.java:753)&#13;
java.lang.Thread.run(Thread.java:748)&#13;
</property>
         </group><!--STACK TRACE-->
         <group name="STACK TRACE">
            <property name="Thread name">[org.apache.hadoop.hdfs.PeerCache@4ae263bf]</property>
            <property name="Stack trace">java.lang.Thread.sleep(Native Method)&#13;
org.apache.hadoop.hdfs.PeerCache.run(PeerCache.java:255)&#13;
org.apache.hadoop.hdfs.PeerCache.access$000(PeerCache.java:46)&#13;
org.apache.hadoop.hdfs.PeerCache$1.run(PeerCache.java:124)&#13;
java.lang.Thread.run(Thread.java:748)&#13;
</property>
         </group><!--STACK TRACE-->
         <group name="STACK TRACE">
            <property name="Thread name">[Thread-8]</property>
            <property name="Stack trace">sun.misc.Unsafe.park(Native Method)&#13;
java.util.concurrent.locks.LockSupport.parkNanos(LockSupport.java:215)&#13;
java.util.concurrent.locks.AbstractQueuedSynchronizer$ConditionObject.awaitNanos(AbstractQueuedSynchronizer.java:2078)&#13;
java.util.concurrent.ThreadPoolExecutor.awaitTermination(ThreadPoolExecutor.java:1475)&#13;
org.apache.hadoop.mapred.LocalJobRunner$Job.runTasks(LocalJobRunner.java:449)&#13;
org.apache.hadoop.mapred.LocalJobRunner$Job.run(LocalJobRunner.java:522)&#13;
</property>
         </group><!--STACK TRACE-->
         <group name="STACK TRACE">
            <property name="Thread name">[LocalJobRunner Map Task Executor #0]</property>
            <property name="Stack trace">java.lang.Thread.dumpThreads(Native Method)&#13;
java.lang.Thread.getAllStackTraces(Thread.java:1610)&#13;
com.experian.eda.framework.runtime.decisionagent.sysinfo.JVMDump.dumpThread(JVMDump.java:128)&#13;
com.experian.eda.framework.runtime.decisionagent.sysinfo.JVMDump.dump(JVMDump.java:36)&#13;
com.experian.eda.framework.runtime.decisionagent.sysinfo.SystemInformation.dumpJVM(SystemInformation.java:201)&#13;
com.experian.eda.framework.runtime.decisionagent.sysinfo.SystemInformation.dump(SystemInformation.java:138)&#13;
com.experian.eda.framework.runtime.decisionagent.sysinfo.SystemInformation.dump(SystemInformation.java:172)&#13;
com.experian.eda.component.decisionagent.BaseJSEM.execute(BaseJSEM.java:346)&#13;
com.experian.eda.component.decisionagent.AJSEM.execute(AJSEM.java:71)&#13;
com.experian.eda.component.decisionagent.JSEMBeanInterfaceHelper.execute(JSEMBeanInterfaceHelper.java:36)&#13;
com.experian.eda.component.decisionagent.JSEMBeanInterface.execute(JSEMBeanInterface.java:52)&#13;
com.experian.eda.component.decisionagent.JSEMBeanInterface.execute(JSEMBeanInterface.java:64)&#13;
com.experian.eda.ace.hadoop.DaSerMapper.map(DaSerMapper.java:63)&#13;
com.experian.eda.ace.hadoop.DaSerMapper.map(DaSerMapper.java:29)&#13;
org.apache.hadoop.mapreduce.Mapper.run(Mapper.java:146)&#13;
org.apache.hadoop.mapred.MapTask.runNewMapper(MapTask.java:787)&#13;
org.apache.hadoop.mapred.MapTask.run(MapTask.java:341)&#13;
org.apache.hadoop.mapred.LocalJobRunner$Job$MapTaskRunnable.run(LocalJobRunner.java:243)&#13;
java.util.concurrent.Executors$RunnableAdapter.call(Executors.java:511)&#13;
java.util.concurrent.FutureTask.run$$$capture(FutureTask.java:266)&#13;
java.util.concurrent.FutureTask.run(FutureTask.java)&#13;
java.util.concurrent.ThreadPoolExecutor.runWorker(ThreadPoolExecutor.java:1149)&#13;
java.util.concurrent.ThreadPoolExecutor$Worker.run(ThreadPoolExecutor.java:624)&#13;
java.lang.Thread.run(Thread.java:748)&#13;
</property>
         </group><!--STACK TRACE-->
      </section><!--STACK TRACES-->
   </section><!--THREAD-->
